{"cameraMode":{"drawMode":0,"name":"Shaded","section":"Shading Mode"},"sceneLighting":false,"audioPlay":false,"sceneViewState":{"m_AlwaysRefresh":false,"showFog":true,"showSkybox":false,"showFlares":true,"showImageEffects":true,"showParticleSystems":true,"showVisualEffectGraphs":true,"m_FxEnabled":true},"in2DMode":false,"pivot":{"x":0.2765144109725952,"y":2.1174118518829347,"z":0.9883924126625061},"rotation":{"x":-0.015178722329437733,"y":-0.8924310803413391,"z":0.4497452974319458,"w":-0.02994399517774582},"size":0.7501511573791504,"orthographic":false}