{"cameraMode":{"drawMode":0,"name":"Shaded","section":"Shading Mode"},"sceneLighting":false,"audioPlay":false,"sceneViewState":{"m_AlwaysRefresh":false,"showFog":true,"showSkybox":false,"showFlares":true,"showImageEffects":true,"showParticleSystems":true,"showVisualEffectGraphs":true,"m_FxEnabled":true},"in2DMode":false,"pivot":{"x":0.15260641276836396,"y":0.23647141456604005,"z":-10.8900146484375},"rotation":{"x":0.2193039506673813,"y":0.6544662117958069,"z":-0.20691564679145814,"w":0.6932211518287659},"size":0.20886078476905824,"orthographic":false}