{"cameraMode":{"drawMode":0,"name":"Shaded","section":"Shading Mode"},"sceneLighting":false,"audioPlay":false,"sceneViewState":{"m_AlwaysRefresh":false,"showFog":true,"showSkybox":false,"showFlares":true,"showImageEffects":true,"showParticleSystems":true,"showVisualEffectGraphs":true,"m_FxEnabled":true},"in2DMode":false,"pivot":{"x":-18.989116668701173,"y":2.961118459701538,"z":10.243647575378418},"rotation":{"x":0.29620397090911868,"y":0.1783117800951004,"z":-0.056317053735256198,"w":0.9365282654762268},"size":7.274613380432129,"orthographic":false}