{"cameraMode":{"drawMode":0,"name":"Shaded","section":"Shading Mode"},"sceneLighting":false,"audioPlay":false,"sceneViewState":{"m_AlwaysRefresh":false,"showFog":true,"showSkybox":false,"showFlares":true,"showImageEffects":true,"showParticleSystems":true,"showVisualEffectGraphs":true,"m_FxEnabled":true},"in2DMode":false,"pivot":{"x":0.014184542931616307,"y":2.1454896926879885,"z":0.4316736161708832},"rotation":{"x":-0.12059909105300904,"y":-0.8775880932807922,"z":0.2964552044868469,"w":-0.3566928803920746},"size":3.2635302543640138,"orthographic":false}