{"cameraMode":{"drawMode":0,"name":"Shaded","section":"Shading Mode"},"sceneLighting":false,"audioPlay":false,"sceneViewState":{"m_AlwaysRefresh":false,"showFog":true,"showSkybox":false,"showFlares":true,"showImageEffects":true,"showParticleSystems":true,"showVisualEffectGraphs":true,"m_FxEnabled":true},"in2DMode":false,"pivot":{"x":1.1182420253753663,"y":4.306334495544434,"z":0.9547695517539978},"rotation":{"x":0.12433955818414688,"y":-0.7863934636116028,"z":0.5810251832008362,"w":0.16841447353363038},"size":0.5287951231002808,"orthographic":false}