{"cameraMode":{"drawMode":0,"name":"Shaded","section":"Shading Mode"},"sceneLighting":false,"audioPlay":false,"sceneViewState":{"m_AlwaysRefresh":false,"showFog":true,"showSkybox":false,"showFlares":true,"showImageEffects":true,"showParticleSystems":true,"showVisualEffectGraphs":true,"m_FxEnabled":true},"in2DMode":false,"pivot":{"x":2.237997055053711,"y":0.14889521896839143,"z":-0.29426515102386477},"rotation":{"x":-0.12875686585903169,"y":-0.8708544373512268,"z":0.3491157591342926,"w":-0.32089316844940188},"size":2.8000192642211916,"orthographic":false}